P1.avi,0.8030037384,0.7461225592,0.8296007027,0.9028278278,0.5293043043,0.9287787788,0.6098098098,0.9267767768,0.5069319319,0.8971971972,0.497972973,0.8801801802,0.5568568569,0.9334334334,0.5832832833
P10.avi,0.7769310551,0.8025895425,0.7512707248,0.9638624339,0.3640740741,0.9907936508,0.5161904762,0.9987301587,0.3052116402,0.9316931217,0.3015873016,0.922010582,0.4282539683,1.022486772,0.4721693122
P11.avi,0.7422684829,0.8237414538,0.8559237911,0.8340987654,0.3598518519,0.8750864198,0.543308642,0.8817777778,0.3128148148,0.8051851852,0.3010617284,0.7821728395,0.4264197531,0.9016296296,0.4762469136
P12.avi,0.6752984945,0.5239170497,0.592134341,0.5291604938,0.4614814815,0.528962963,0.6358518519,0.5524444444,0.3968888889,0.4804938272,0.413654321,0.4764444444,0.519308642,0.6009382716,0.5739753086
P13.avi,0.7770190517,0.8346103007,0.8514573372,0.8452592593,0.4824197531,0.8434814815,0.6682962963,0.8899753086,0.4331358025,0.804691358,0.4233333333,0.7774814815,0.5514074074,0.9030123457,0.6068641975
P14.avi,0.805707077,0.2718514314,0.293186318,1.136320988,0.443037037,1.155407407,0.6510123457,1.183012346,0.3931604938,1.103753086,0.3867407407,1.073580247,0.5192592593,1.20345679,0.5720493827
P15.avi,0.7774434998,0.6548371765,0.6233926576,0.9,0.4265679012,0.9044938272,0.6299259259,0.9370864198,0.3641234568,0.8503209877,0.3697283951,0.848345679,0.511654321,0.9605432099,0.564345679
P16.avi,0.8398838349,0.7194731688,0.7064499592,0.9729135802,0.4709382716,0.9904197531,0.6720493827,1.013481481,0.410962963,0.9291358025,0.4116790123,0.9205432099,0.5485925926,1.044246914,0.5925925926
P17.avi,0.773097419,0.5253274764,0.517152557,1.189677641,0.3086762689,1.222736626,0.540877915,1.244718793,0.2524348422,1.15308642,0.2413580247,1.136145405,0.3972565158,1.267901235,0.4482853224
P20.avi,0.7667984527,0.8266403969,0.8423668357,0.8962716049,0.3528888889,0.9073580247,0.54,0.9466666667,0.3024691358,0.8693333333,0.280345679,0.8295802469,0.4185679012,0.9544197531,0.4687407407
P21.avi,0.7611642128,0.8040363423,0.8413334967,0.8868395062,0.4778024691,0.9042222222,0.6817283951,0.9275555556,0.4255308642,0.8526419753,0.4221481481,0.8219753086,0.5462716049,0.9557037037,0.608691358
P22.avi,0.7717963699,0.8005368051,0.7912579408,0.8765046296,0.4643518519,0.8938946759,0.6261574074,0.9190972222,0.401244213,0.8414351852,0.3969039352,0.8238425926,0.530150463,0.9380208333,0.5685763889
P24.avi,0.7225373825,0.7276858713,0.7858018624,0.8071604938,0.3677037037,0.8178271605,0.5764444444,0.8334814815,0.3009382716,0.767308642,0.3153580247,0.7504197531,0.4420246914,0.8814814815,0.5152592593
P25.avi,0.7531863434,0.8081750444,0.8483491667,0.8965246068,0.4351851852,0.9068239472,0.6063419584,0.9356164384,0.3873921867,0.865854896,0.378970066,0.831100964,0.4926940639,0.9554540842,0.5492135972
P27.avi,0.7798062876,0.8328712854,0.8703016712,0.8785432099,0.4836049383,0.898,0.6943703704,0.9242962963,0.4176296296,0.846617284,0.4097283951,0.8141728395,0.5727407407,0.9458271605,0.6282469136
P29.avi,0.8000134931,0.6862070122,0.5671748144,0.9511851852,0.5108888889,1.020148148,0.7258765432,1.012641975,0.458617284,0.9202962963,0.4353580247,0.9037530864,0.5998518519,1.03654321,0.6590617284
P3.avi,0.6446997193,0.5498466544,0.684466605,0.5640740741,0.384691358,0.6034567901,0.5508641975,0.5955555556,0.3259259259,0.530617284,0.3333333333,0.522962963,0.4234567901,0.6530864198,0.4935802469
P30.avi,0.8331490774,0.6472356418,0.7201283902,0.878962963,0.6174320988,0.9278518519,0.848345679,0.9441481481,0.5618024691,0.8561481481,0.5319012346,0.8046419753,0.6899753086,0.9676049383,0.7695308642
P31.avi,0.8223136022,0.6640036678,0.6762735037,0.9221707819,0.6304269547,0.9520576132,0.8474794239,0.9694444444,0.5699588477,0.8847736626,0.5707561728,0.8643004115,0.7123971193,0.9987654321,0.7594135802
P32.avi,0.79592546,0.6422580855,0.7015350881,0.8371358025,0.5479753086,0.8724691358,0.765382716,0.8951604938,0.496617284,0.8110123457,0.4710864198,0.7650864198,0.6181728395,0.916691358,0.7
P33.avi,0.715215118,0.7005616809,0.7748507464,0.735037037,0.3450617284,0.7669382716,0.5856790123,0.7754074074,0.2839012346,0.6861234568,0.2951851852,0.6809876543,0.4429135802,0.8189135802,0.4981234568
P34.avi,0.7740987435,0.1311710213,0.1069128092,1.262345679,0.4744197531,1.343506173,0.7272592593,1.326814815,0.4164938272,1.235308642,0.3970864198,1.210123457,0.5707160494,1.355111111,0.6479506173
P35.avi,0.8682188906,0.2873499424,0.3701814433,0.8425665102,0.7223004695,0.9113719353,0.9587897757,0.9200312989,0.6625456442,0.8221700574,0.6279603547,0.7706833594,0.8038601982,0.9344809598,0.8782472613
P37.avi,0.7164109797,0.3709893264,0.4693632343,0.5054567901,0.4980246914,0.5738765432,0.7562962963,0.5690864198,0.4383950617,0.4746666667,0.4281234568,0.4394567901,0.5873580247,0.6079506173,0.6540740741
P4.avi,0.7496270584,0.7907359448,0.8411991152,0.744058642,0.3544753086,0.7794753086,0.5327932099,0.799537037,0.3004243827,0.7159722222,0.2805941358,0.6903549383,0.4327160494,0.8046296296,0.4828703704
P42.avi,0.8184164065,0.3257474539,0.2850806498,1.099037037,0.4594074074,1.153185185,0.6797530864,1.147851852,0.3914567901,1.063111111,0.3836790123,1.047802469,0.5480987654,1.188641975,0.600691358
P43.avi,0.8471539438,0.2395830938,0.2913755972,0.7571358025,0.8322469136,0.8177777778,1.064691358,0.8126419753,0.7523209877,0.7238518519,0.7433580247,0.7057283951,0.9214320988,0.8488888889,0.9920493827
P44.avi,0.8028363035,0.5821596288,0.6912113558,0.772962963,0.5751604938,0.8545432099,0.8145185185,0.8403950617,0.5158271605,0.7508148148,0.4814074074,0.7113580247,0.660345679,0.8693333333,0.7548148148
P45.avi,0.8284587609,0.3913540616,0.4914907915,0.7762962963,0.72,0.8329135802,0.9414814815,0.834617284,0.6484197531,0.7537283951,0.6290864198,0.7235061728,0.784691358,0.8651851852,0.8659753086
P47.avi,0.7768696212,0.7064739449,0.7495319788,0.7559095861,0.451416122,0.7830882353,0.6660675381,0.8167211329,0.3824618736,0.7204793028,0.364379085,0.682788671,0.5376906318,0.8267973856,0.5916666667
P48.avi,0.7785690754,0.8712925415,0.7917120777,0.8732345679,0.4683209877,0.9287654321,0.6717037037,0.9285432099,0.3987407407,0.8489876543,0.3910864198,0.8300246914,0.5554074074,0.9495308642,0.6024197531
P49.avi,0.8641582921,0.38206276,0.3925378121,1.039061728,0.5573333333,1.090765432,0.7652839506,1.104148148,0.5097283951,1.017432099,0.486,0.9773333333,0.626617284,1.10182716,0.6839506173
P5.avi,0.7493405957,0.7860428746,0.6966744076,0.9803811057,0.4068438003,1.031910896,0.6146001074,1.040311326,0.3417069243,0.9494363929,0.3311325819,0.9174449812,0.493236715,1.065968867,0.5581320451
P50.avi,0.7630790091,0.7386089673,0.8159527,0.7284197531,0.4850864198,0.7640246914,0.6664197531,0.7706666667,0.4274814815,0.6923950617,0.4286666667,0.6856790123,0.554617284,0.7940740741,0.5976296296
P52.avi,0.8538110427,0.5739782601,0.5838863826,0.801050304,0.7234936429,0.8352128248,0.9440574903,0.8568269762,0.6634328358,0.7627971255,0.655721393,0.7401879491,0.8155334439,0.8700386954,0.8660585959
P53.avi,0.7985188893,0.8060880895,0.7793070468,0.8707616067,0.5339593114,0.9239175796,0.739019301,0.9294209703,0.4741523213,0.8406885759,0.4585289515,0.8121544079,0.6162232655,0.9506520605,0.6792905582
P55.avi,0.8353532968,0.6400449665,0.6063462699,0.8597777778,0.6510617284,0.9164691358,0.8748148148,0.9231604938,0.6013580247,0.8332345679,0.5808888889,0.7957530864,0.735654321,0.9444444444,0.8
P56.avi,0.8004092186,0.546999285,0.6231453045,0.7517037037,0.5336790123,0.8241481481,0.767308642,0.8190123457,0.4834567901,0.7375802469,0.4573333333,0.690617284,0.6230617284,0.8287901235,0.6857777778
P57.avi,0.8240907804,0.5123162106,0.6328199931,0.8421234568,0.656617284,0.9044444444,0.8815308642,0.9025679012,0.5962962963,0.8096790123,0.5806666667,0.7802962963,0.7307654321,0.9507160494,0.8033580247
P58.avi,0.8261871593,0.6977300766,0.7817785577,0.8736790123,0.634345679,0.9162222222,0.8708148148,0.9267160494,0.5785432099,0.842962963,0.5668148148,0.8070617284,0.7143209877,0.9587654321,0.7841975309
P59.avi,0.7868895823,0.320255859,0.3886896045,1.132380174,0.6778867102,1.205310458,0.9026143791,1.187309368,0.6114379085,1.09754902,0.6053104575,1.088344227,0.7577342048,1.244117647,0.8263071895
P6.avi,0.7515635674,0.7585317867,0.7450210408,0.8263817664,0.4406267806,0.8597150997,0.6117948718,0.8726495726,0.3911965812,0.793048433,0.3863532764,0.7813105413,0.5110541311,0.8831339031,0.5695156695
P60.avi,0.7832913539,0.2619950974,0.3374777254,0.5458271605,0.676617284,0.5972592593,0.9170864198,0.6091851852,0.6218024691,0.5111111111,0.5999012346,0.4831604938,0.7630617284,0.6250864198,0.8437037037
P61.avi,0.8541679147,0.3705611611,0.3999068871,1.032222222,0.6062716049,1.076617284,0.7895802469,1.098666667,0.5607407407,1.00962963,0.5214814815,0.9581728395,0.6672592593,1.09545679,0.7314567901
P62.avi,0.8490798715,0.3650328053,0.3343079862,0.923127572,0.6211111111,0.9742798354,0.846255144,0.9962962963,0.5688477366,0.8980246914,0.5369958848,0.8552263374,0.7090534979,0.9903703704,0.7600823045
P63.avi,0.8386150048,0.7152154582,0.723164886,0.8147160494,0.5905679012,0.8703209877,0.830962963,0.8894814815,0.5240740741,0.7871111111,0.4920740741,0.7505185185,0.6830617284,0.8932345679,0.7472098765
P64.avi,0.8682688219,0.1872016981,0.2267677654,0.7870907139,0.6925389157,0.8562533548,0.9023617821,0.8669887279,0.6364197531,0.7759527644,0.589452496,0.7237251744,0.7718733226,0.860171766,0.8412238325
P65.avi,0.7490457733,0.7768747519,0.8599678948,0.7820493827,0.443037037,0.8425185185,0.6372839506,0.8298765432,0.375037037,0.753382716,0.3724444444,0.7474074074,0.5188641975,0.8645432099,0.574617284
P66.avi,0.8184555881,0.8543198899,0.8497124802,0.9007901235,0.5938518519,0.9584197531,0.8179259259,0.9540740741,0.5247901235,0.8779753086,0.5091851852,0.8411851852,0.6949135802,0.974962963,0.7640987654
P67.avi,0.8164414678,0.5967670417,0.5436513888,1.030345679,0.5203209877,1.072765432,0.7187654321,1.080049383,0.4594814815,1.004345679,0.4401234568,0.9758024691,0.5945679012,1.099012346,0.6542716049
P69.avi,0.7536851644,0.61910414,0.6997973926,0.6944691358,0.5405679012,0.740962963,0.7681481481,0.7468148148,0.4825432099,0.6571851852,0.4851111111,0.6298271605,0.6351604938,0.7780740741,0.7103703704
P7.avi,0.7305896954,0.8754701506,0.8318360004,0.8564444444,0.3396296296,0.8810864198,0.5355555556,0.8995555556,0.2815061728,0.8177777778,0.2816296296,0.8058765432,0.4249876543,0.9272098765,0.4644444444
P70.avi,0.6550395594,0.6698535852,0.7679731029,0.6366419753,0.3180493827,0.6685185185,0.5075061728,0.6757037037,0.256617284,0.5960493827,0.2695061728,0.5860246914,0.3776790123,0.7214814815,0.4424197531
P71.avi,0.7559733616,0.6076106433,0.690517797,0.7330123457,0.4614567901,0.7772098765,0.6584691358,0.7859259259,0.4107160494,0.7071111111,0.3909876543,0.6748148148,0.5274074074,0.812691358,0.5962962963
P72.avi,0.7349922075,0.6743939637,0.7499937396,0.6935555556,0.3887407407,0.7314074074,0.5675555556,0.748,0.3372345679,0.6642962963,0.3225185185,0.6422222222,0.4523950617,0.7700246914,0.5103703704
P73.avi,0.7738128432,0.6458441907,0.6138956376,0.8403209877,0.3759012346,0.864962963,0.5846419753,0.8771358025,0.3225185185,0.7893333333,0.3382222222,0.7920493827,0.459654321,0.9248395062,0.5180740741
P74.avi,0.6977443235,0.5849364305,0.7635098895,0.6170617284,0.4000987654,0.6790864198,0.5667654321,0.6460740741,0.3377037037,0.5828148148,0.3438765432,0.5939259259,0.4643950617,0.7038024691,0.509382716
P76.avi,0.7459280009,0.4130639443,0.4659998172,0.6495308642,0.5538271605,0.6775308642,0.7345185185,0.6999012346,0.5215555556,0.6209876543,0.5057037037,0.581382716,0.6147654321,0.7255308642,0.6845432099
P77.avi,0.821353649,0.6154715238,0.562759504,0.9950617284,0.5239398819,1.037359098,0.7193236715,1.037198068,0.469538379,0.969726248,0.4684380032,0.952979066,0.5972624799,1.060601181,0.6518518519
P78.avi,0.6738900757,0.7804077435,0.8461160813,0.8461481481,0.229037037,0.8687407407,0.410617284,0.8915555556,0.1747407407,0.814617284,0.1642222222,0.7794074074,0.2889382716,0.9246419753,0.3586666667
P79.avi,0.8045369068,0.6947497302,0.7433263312,0.8434320988,0.5807901235,0.8595555556,0.7404444444,0.8839506173,0.5375802469,0.8142716049,0.5314567901,0.789037037,0.638962963,0.9044444444,0.6877530864
P8.avi,0.7469270588,0.8738377212,0.8102441972,0.8990864198,0.3722469136,0.9501728395,0.555308642,0.9512592593,0.3299012346,0.8824197531,0.3176296296,0.8505679012,0.4442469136,0.9612345679,0.4999506173
P80.avi,0.7915057714,0.3617626611,0.3559285793,1.160296296,0.4001975309,1.186123457,0.5655308642,1.2,0.3527901235,1.134024691,0.3465679012,1.115358025,0.4677037037,1.221333333,0.5066666667
P81.avi,0.7825279123,0.6001562298,0.7092822337,0.7044691358,0.5104197531,0.7638271605,0.6857283951,0.7541234568,0.4641975309,0.6847901235,0.4521975309,0.6660246914,0.5787654321,0.7700246914,0.6247407407
P83.avi,0.7442027272,0.8492761819,0.842572265,0.8735555556,0.4072098765,0.912962963,0.5793580247,0.9196049383,0.3621234568,0.8411358025,0.3520987654,0.822962963,0.4723950617,0.9511604938,0.5306666667
P84.avi,0.720533084,0.5885168753,0.6657974168,0.6493580247,0.4091358025,0.6634814815,0.5664691358,0.678617284,0.3594814815,0.613037037,0.3589876543,0.6053333333,0.4724938272,0.7123950617,0.5121975309
P85.avi,0.7773707432,0.8649410012,0.8217400435,0.8594320988,0.4628888889,0.9081234568,0.6285432099,0.9094320988,0.4115555556,0.8332345679,0.3986666667,0.8122962963,0.5340740741,0.9265679012,0.5831604938
P86.avi,0.7795819372,0.7488400279,0.8358144223,0.7967407407,0.4587654321,0.846962963,0.6332839506,0.8450864198,0.4127407407,0.781037037,0.397654321,0.7581728395,0.5309135802,0.8576790123,0.5790123457
P89.avi,0.716195484,0.8242653734,0.7300433847,0.9805185185,0.3162222222,1.031753086,0.476345679,1.020098765,0.2708888889,0.9681481481,0.262617284,0.9501728395,0.3773333333,1.040197531,0.4272098765
PP1.avi,0.7998178914,0.7750789836,0.6980763171,0.9181481481,0.4921481481,0.976962963,0.6895308642,0.975654321,0.4372098765,0.9023209877,0.4195802469,0.8710617284,0.5668148148,0.9785679012,0.615654321
PP10.avi,0.7860306544,0.750155222,0.6795045714,0.9528148148,0.4517037037,0.9982469136,0.6441481481,1.008296296,0.4020987654,0.9316049383,0.3792345679,0.9019259259,0.5265185185,1.016493827,0.5803950617
PP11.avi,0.7894190672,0.8406715386,0.7904000902,0.8917530864,0.4624691358,0.9195308642,0.6418765432,0.9380246914,0.4197777778,0.8624691358,0.4057777778,0.8369382716,0.5329382716,0.9495802469,0.5765432099
PP12.avi,0.7278821509,0.6547648717,0.7806692492,0.7470123457,0.4649382716,0.7798518519,0.6430617284,0.7784197531,0.409654321,0.7105185185,0.4151358025,0.7063703704,0.5235061728,0.8294320988,0.5778765432
PP13.avi,0.7509119576,0.8596635569,0.8361028713,0.7941234568,0.5181234568,0.8165185185,0.7464197531,0.8374320988,0.4447654321,0.7328395062,0.4576049383,0.7404444444,0.6064197531,0.8847407407,0.6762962963
PP14.avi,0.7755281329,0.4162993056,0.4708729313,1.176832151,0.4403073286,1.198699764,0.6505122143,1.237746257,0.3942474389,1.154215918,0.3668636722,1.101654846,0.5226950355,1.238140268,0.5691095351
PP15.avi,0.7852026878,0.7048022208,0.7970340314,0.7187654321,0.5392345679,0.7658765432,0.7606419753,0.7667654321,0.4785925926,0.6820246914,0.4797777778,0.672345679,0.6277530864,0.787654321,0.6769876543
PP16.avi,0.8166748007,0.7315760725,0.657477244,0.9314320988,0.5733333333,0.9683950617,0.7922962963,0.9823703704,0.5055802469,0.8903703704,0.4942222222,0.871308642,0.659308642,1.010864198,0.7104197531
PP17.avi,0.7544938523,0.7914100346,0.7583252606,0.9788148148,0.3530617284,0.9926666667,0.481382716,1.018320988,0.3143703704,0.9545679012,0.2995308642,0.9281975309,0.4022222222,1.025481481,0.4413333333
PP20.avi,0.7204446457,0.7889129975,0.8708747109,0.763382716,0.4461728395,0.7906419753,0.6178765432,0.7848888889,0.3765432099,0.7176296296,0.3957283951,0.7362962963,0.5139753086,0.8354567901,0.5543703704
PP21.avi,0.7545414326,0.6855001243,0.7732563775,0.7572592593,0.4260987654,0.7981234568,0.6132839506,0.8015308642,0.3762962963,0.7307160494,0.374691358,0.7079012346,0.5007407407,0.8234074074,0.5375802469
PP22.avi,0.7858811135,0.8619465209,0.8125209947,0.9032032032,0.486961962,0.9384384384,0.6795795796,0.9491991992,0.4277277277,0.8747747748,0.4200950951,0.853003003,0.5725225225,0.9735235235,0.6186686687
PP24.avi,0.8012273809,0.7600524819,0.8233516123,0.8620740741,0.5380493827,0.8885432099,0.7245432099,0.8848395062,0.4719012346,0.8253333333,0.4922962963,0.8178765432,0.6000987654,0.9386666667,0.6713580247
PP25.avi,0.822485212,0.5224386663,0.6001824259,0.7675802469,0.6876049383,0.7982222222,0.9067160494,0.814962963,0.6250123457,0.7274567901,0.6242222222,0.7047407407,0.7710617284,0.8438024691,0.8312098765
PP27.avi,0.723242405,0.6748842694,0.7447593181,0.7368148148,0.3902222222,0.7674814815,0.6261234568,0.784691358,0.3135308642,0.699654321,0.3118518519,0.6705185185,0.4858765432,0.822962963,0.5519012346
PP29.avi,0.753776626,0.5704818273,0.63921845,0.6093333333,0.4242469136,0.6625925926,0.6536296296,0.6725925926,0.3776049383,0.5809382716,0.3581481481,0.5557530864,0.5185679012,0.6858271605,0.5767407407
PP3.avi,0.7426884861,0.7596455685,0.8588803433,0.8786419753,0.4484444444,0.9254567901,0.672691358,0.9292839506,0.394691358,0.851654321,0.3849135802,0.816691358,0.5078024691,0.9727407407,0.592345679
PP30.avi,0.8064574013,0.6657996939,0.7335068345,0.827037037,0.5223703704,0.8592345679,0.7339259259,0.880691358,0.4664197531,0.7983703704,0.4485925926,0.7665185185,0.6075061728,0.9081481481,0.6577777778
PP31.avi,0.8090763558,0.6880631773,0.7206165298,0.8223209877,0.4905432099,0.8553333333,0.7104691358,0.8755061728,0.4452345679,0.7940246914,0.4359259259,0.7614814815,0.5693333333,0.892345679,0.6242469136
PP32.avi,0.8294322488,0.4011333648,0.3738507553,0.9949382716,0.3899506173,1.023506173,0.6191111111,1.034074074,0.3412839506,0.9534320988,0.3488888889,0.9364938272,0.474962963,1.076444444,0.5304691358
PP33.avi,0.8281901025,0.4228668007,0.4683388625,0.7898024691,0.6501234568,0.8200493827,0.8472098765,0.8439012346,0.6101975309,0.7694320988,0.5848395062,0.723654321,0.7180246914,0.8535308642,0.7824197531
PP34.avi,0.6887248957,0.8298771611,0.8296330801,0.8334074074,0.2411851852,0.8951358025,0.480691358,0.8923950617,0.1905925926,0.8078024691,0.176962963,0.7771851852,0.3253333333,0.917037037,0.4059259259
PP35.avi,0.764124166,0.811600636,0.7370034416,1.008320988,0.3510864198,1.06545679,0.5416296296,1.069876543,0.307308642,0.9958024691,0.2755555556,0.946962963,0.414617284,1.079802469,0.4749135802
PP37.avi,0.8029124212,0.4562291033,0.550320774,0.7224691358,0.6150864198,0.7808641975,0.848345679,0.7820246914,0.5584691358,0.6925925926,0.5465432099,0.6580246914,0.7021728395,0.8082962963,0.7627160494
PP4.avi,0.7522118423,0.851910918,0.8585274351,0.7996049383,0.4571358025,0.8226666667,0.6171358025,0.8368395062,0.4018271605,0.7677037037,0.3980493827,0.7607901235,0.5242962963,0.854962963,0.5768395062
PP42.avi,0.7821007484,0.820824588,0.7327861854,0.9822962963,0.413382716,1.031703704,0.5677530864,1.025925926,0.3756790123,0.9714074074,0.353037037,0.9415308642,0.4713580247,1.035851852,0.5177777778
PP43.avi,0.6832867174,0.1529327865,0.2628043605,0.2935555556,0.6288148148,0.3649135802,0.8104691358,0.3532345679,0.5724691358,0.2801975309,0.5435061728,0.2531358025,0.682617284,0.3752098765,0.752345679
PP44.avi,0.8028363035,0.5821596288,0.6912113558,0.772962963,0.5751604938,0.8545432099,0.8145185185,0.8403950617,0.5158271605,0.7508148148,0.4814074074,0.7113580247,0.660345679,0.8693333333,0.7548148148
PP45.avi,0.7879729381,0.8240598287,0.7218826976,0.9508395062,0.4966419753,1.008938272,0.6980246914,1.00108642,0.4352592593,0.9320987654,0.4187654321,0.9078518519,0.5681481481,1.024740741,0.6292839506
PP47.avi,0.8100339977,0.5721809061,0.6325953837,0.7433333333,0.5031358025,0.7912098765,0.6942222222,0.8011851852,0.4555308642,0.728345679,0.4285925926,0.6901234568,0.5764938272,0.799654321,0.6216790123
PP48.avi,0.7087227266,0.5126210642,0.6469528456,0.5631604938,0.4081481481,0.627382716,0.563654321,0.6045432099,0.357037037,0.5498765432,0.3527901235,0.5425185185,0.4716049383,0.6345679012,0.5131851852
PP49.avi,0.7782579699,0.7526195143,0.7306919662,0.8328414352,0.5233506944,0.8984085648,0.7236689815,0.8892939815,0.4771990741,0.8157407407,0.4686342593,0.7913194444,0.5955439815,0.8982638889,0.647337963
PP5.avi,0.8226393329,0.1238976981,0.1078092764,1.090814815,0.4974320988,1.151012346,0.7112592593,1.152197531,0.4435555556,1.068641975,0.4254814815,1.034617284,0.5772839506,1.176444444,0.6519506173
PP50.avi,0.782385367,0.7781497014,0.6985479797,0.9584045584,0.4144159544,0.9965527066,0.5561823362,0.9937321937,0.374985755,0.9368660969,0.371965812,0.9282051282,0.4698575499,1.011339031,0.5014245014
PP52.avi,0.7650550091,0.8145793249,0.8510445858,0.8125925926,0.3874814815,0.8544444444,0.5595555556,0.8603950617,0.3460493827,0.7963950617,0.3294567901,0.7708148148,0.4568395062,0.8614320988,0.5007901235
PP53.avi,0.7936118762,0.649494236,0.6788688018,0.8690775681,0.5488819008,0.9045073375,0.7628232006,0.9299790356,0.4788609364,0.8361984626,0.4673305381,0.7924528302,0.626974144,0.9542976939,0.7033542977
PP55.avi,0.729505495,0.7221198079,0.8184485833,0.7758765432,0.359308642,0.8274814815,0.5719012346,0.8319506173,0.3025925926,0.7444444444,0.292691358,0.7143703704,0.4394074074,0.865382716,0.498962963
PP56.avi,0.7345423625,0.4104277264,0.4939387643,0.5989876543,0.4544444444,0.6602962963,0.6707160494,0.6557037037,0.4116296296,0.5824691358,0.3908148148,0.540345679,0.5354074074,0.6776296296,0.5934814815
PP57.avi,0.7784608397,0.513404804,0.6236052288,0.7423209877,0.5600493827,0.8076790123,0.7930864198,0.8065679012,0.5048395062,0.7154074074,0.484691358,0.6801481481,0.6320493827,0.8504691358,0.7138271605
PP58.avi,0.7442582481,0.5809486504,0.6632441567,0.6980980981,0.4431431431,0.7283033033,0.6179179179,0.7394394394,0.3946196196,0.6691691692,0.3843843844,0.6486986987,0.5057557558,0.7689189189,0.5556556557
PP59.avi,0.7930908096,0.5808657578,0.6921394527,0.7694074074,0.5800493827,0.8298271605,0.7922469136,0.8261728395,0.5261234568,0.742617284,0.5144938272,0.7152098765,0.6544197531,0.8619753086,0.7198024691
PP6.avi,0.7453708697,0.7211959024,0.6507994362,0.9243209877,0.4421975309,0.9642716049,0.6511604938,0.9800493827,0.390962963,0.8882469136,0.3819012346,0.8725925926,0.5275555556,0.9887407407,0.5958024691
PP60.avi,0.7707959774,0.8586876941,0.7763405543,0.8936049383,0.5034320988,0.9444197531,0.7189135802,0.9431604938,0.4528888889,0.8602469136,0.4419259259,0.8406419753,0.5727407407,0.9740246914,0.6529382716
PP61.avi,0.7314125005,0.7275766296,0.8573404612,0.7659753086,0.3864938272,0.801308642,0.520345679,0.7976296296,0.3420740741,0.736691358,0.3393580247,0.7319012346,0.4361975309,0.8296296296,0.4726419753
PP62.avi,0.7756426505,0.6485929554,0.6084671467,1.006025867,0.4022045855,1.034567901,0.5961199295,1.061316872,0.3634920635,0.9814814815,0.3393004115,0.9476778366,0.4778365667,1.060435038,0.5228689006
PP63.avi,0.7761427678,0.8045646071,0.8278660972,0.845598497,0.4694310252,0.9121309716,0.6546967257,0.8956521739,0.405770263,0.8220075148,0.3964841653,0.8094471283,0.537466452,0.9233494364,0.5853462158
PP64.avi,0.7522436295,0.8608001261,0.7611323275,0.8914567901,0.337382716,0.9501234568,0.4980740741,0.9435555556,0.2879259259,0.8758024691,0.2686419753,0.8540246914,0.4094320988,0.953382716,0.452345679
PP65.avi,0.7274387967,0.5816079039,0.6814241414,0.6761728395,0.4280246914,0.727654321,0.6178765432,0.7209382716,0.376617284,0.6580740741,0.3684444444,0.636691358,0.4927407407,0.7501728395,0.5521481481
PP66.avi,0.7127430952,0.5320019003,0.6291058694,0.6388641975,0.3731604938,0.6984938272,0.5611358025,0.6874567901,0.3178765432,0.6246419753,0.3027407407,0.5929382716,0.4479506173,0.714617284,0.504691358
PP67.avi,0.824104425,0.4896887301,0.6446200635,0.764345679,0.6480987654,0.8356049383,0.8004938272,0.8107160494,0.597654321,0.7495308642,0.5822716049,0.738617284,0.7027654321,0.8373333333,0.7527901235
PP69.avi,0.7141745542,0.8738415972,0.8524470403,0.8812989045,0.2787949922,0.9289514867,0.4611893584,0.9384976526,0.2487219614,0.8670839854,0.2296557121,0.8243088159,0.3497130934,0.935732916,0.4140323422
PP7.avi,0.7764154365,0.7741683898,0.6984131469,0.9113580247,0.4841481481,0.9401728395,0.6939753086,0.9580740741,0.4305925926,0.8716049383,0.4295061728,0.8591604938,0.5753580247,0.9794567901,0.6201481481
PP70.avi,0.7797209295,0.6023459799,0.7891442025,0.7000462963,0.6040277778,0.7935185185,0.7941666667,0.7500925926,0.5558796296,0.670462963,0.5564814815,0.6828703704,0.6738888889,0.8059259259,0.7342592593
PP71.avi,0.7771864475,0.4266781597,0.5006950616,0.6246508804,0.7203096539,0.6649969642,0.882088646,0.6650273224,0.658287796,0.5853066181,0.6530661809,0.5889496053,0.7780206436,0.7091681846,0.8374013358
PP72.avi,0.7494997825,0.5605285537,0.6906127149,0.6033903134,0.4319373219,0.6864387464,0.63002849,0.6678062678,0.3713675214,0.575954416,0.3507692308,0.5628490028,0.5132193732,0.6923646724,0.5696296296
PP73.avi,0.7738128432,0.6458441907,0.6138956376,0.8403209877,0.3759012346,0.864962963,0.5846419753,0.8771358025,0.3225185185,0.7893333333,0.3382222222,0.7920493827,0.459654321,0.9248395062,0.5180740741
PP74.avi,0.7984456824,0.7605251536,0.7176016933,0.9648641975,0.3990864198,0.9949382716,0.6076049383,1.013679012,0.3435555556,0.928345679,0.331654321,0.9088395062,0.4841975309,1.033432099,0.5345679012
PP76.avi,0.7319718668,0.5350074419,0.6095440278,0.6295045045,0.4267017017,0.6825075075,0.6394894895,0.694044044,0.3855605606,0.6004004004,0.3653403403,0.561011011,0.5053553554,0.7182682683,0.5771271271
PP77.avi,0.8130385574,0.3223151584,0.4895892207,0.6397037037,0.6202716049,0.7493333333,0.8200987654,0.7000493827,0.5732098765,0.627654321,0.5448395062,0.6194074074,0.7028148148,0.721382716,0.7594074074
PP78.avi,0.7018606463,0.8868693751,0.7804465725,0.8415061728,0.3544938272,0.8978765432,0.5687901235,0.881037037,0.282962963,0.8052839506,0.2915308642,0.8098271605,0.439654321,0.9228641975,0.5047901235
PP79.avi,0.7241113546,0.5949450736,0.6178426992,0.6537581699,0.3730392157,0.6851851852,0.5940087146,0.7132897603,0.3361111111,0.6250544662,0.313453159,0.5802832244,0.4481481481,0.7259259259,0.5191721133
PP8.avi,0.7563949854,0.8017158028,0.7013107797,0.9690617284,0.4113580247,1.024419753,0.5980246914,1.020938272,0.3694320988,0.9504197531,0.3581481481,0.9231604938,0.4835061728,1.036839506,0.5363950617
PP80.avi,0.6915483889,0.8583179656,0.8539849348,0.8114567901,0.2429876543,0.8366419753,0.446962963,0.8562962963,0.186,0.7733333333,0.1847654321,0.7607901235,0.3228641975,0.8825185185,0.3783209877
PP81.avi,0.6573190615,0.4789725261,0.5815977012,0.3864566059,0.395328911,0.4220840243,0.5429519071,0.4180210061,0.3434494196,0.3557766722,0.3551686014,0.3568269762,0.4540630182,0.4497512438,0.4881702598
PP83.avi,0.7225693661,0.744311429,0.8381336771,0.7340987654,0.3540987654,0.7802469136,0.5645432099,0.7904691358,0.2934320988,0.6926419753,0.2844691358,0.6739753086,0.4382716049,0.8254814815,0.5019753086
PP84.avi,0.678447108,0.5802379144,0.6460703724,0.5415263749,0.2401795735,0.5894500561,0.4487093154,0.5924803591,0.1852413019,0.5194163861,0.1723905724,0.4910213244,0.3253647587,0.609315376,0.371043771
PP85.avi,0.7549407898,0.4944665021,0.6281704391,0.6217037037,0.416962963,0.6843703704,0.5374320988,0.6637530864,0.3900987654,0.6152592593,0.367037037,0.6001975309,0.4663209877,0.6744197531,0.5074074074
PP86.avi,0.7910043245,0.4598837557,0.5414592427,0.6610123457,0.5804197531,0.7131358025,0.773382716,0.7183209877,0.5244444444,0.641382716,0.5052345679,0.6151111111,0.6534320988,0.7326419753,0.7132345679
PP89.avi,0.716195484,0.8242653734,0.7300433847,0.9805185185,0.3162222222,1.031753086,0.476345679,1.020098765,0.2708888889,0.9681481481,0.262617284,0.9501728395,0.3773333333,1.040197531,0.4272098765